<?xml version="1.0" encoding="UTF-8"?>
<!DOCTYPE hibernate-configuration SYSTEM
"http://www.hibernate.org/dtd/hibernate-configuration-3.0.dtd">
<hibernate-mapping>
	<class name="com.model.Car" table="CarDetailInfo" discriminator-value="Car">
	<id name="cheis_number">
	<generator class="increment"></generator>
	</id>
	<discriminator column="type" type="string"></discriminator>
	<property name="car_name"></property>
	
	<subclass name="com.model.EconomicalCar" discriminator-value="EcoCar" >
	<property name="car_milage"></property>
	<property name="car_price"></property>
	</subclass>
	
	<subclass name="com.model.LuxuriousCar" discriminator-value="LuxCar" >
	<property name="engine_capacity"></property>
	<property name="car_feature"></property>
	</subclass>
	</class>
</hibernate-mapping>