<?xml version="1.0" encoding="UTF-8"?>
<!DOCTYPE hibernate-mapping PUBLIC
"-//Hibernate/Hibernate Mapping DTD//EN"
"http://www.hibernate.org/dtd/hibernate-mapping-3.0.dtd"><hibernate-mapping>
<class name = "com.pojo.Car" table = "CarDetails" discriminator-value="Car"><meta attribute = "class-description">
This is table for Car information
</meta><id name = "car_id" type = "int">
<generator class="increment"/>
</id>
<discriminator column="type" type="string"></discriminator><property name = "car_name"/>
<subclass name="com.pojo.EconomicalCar" discriminator-value="EconomicalCar">
<property name = "car_price"/>
<property name = "car_milage"/>
</subclass><subclass name="com.pojo.LuxuriousCar" discriminator-value="LuxuriousCar">
<property name = "engine_capacity"/>
<property name = "car_features"/>
</subclass>
</class>
</hibernate-mapping>