<?xml version='1.0' encoding='UTF-8'?>  
<!DOCTYPE hibernate-mapping PUBLIC  
          "-//Hibernate/Hibernate Mapping DTD 5.3//EN"  
          "http://hibernate.sourceforge.net/hibernate-mapping-5.3.dtd">
             
<hibernate-mapping>  
<class name="com.module.BookingDetails" table="BookingRecords">  
<id name="book_id">  
<generator class="increment"></generator>  
</id>   
<property name="book_date"></property> 
<property name="cust_name"></property> 
<property name="cust_phone"></property>  
<property name="room_number"></property> 
<property name="DayToHireFor"></property> 
<property name="room_fare"></property> 
<property name="bill"></property> 

</class>  
            
</hibernate-mapping>  