<?xml version='1.0' encoding='UTF-8'?>  
<!DOCTYPE hibernate-mapping PUBLIC  
          "-//Hibernate/Hibernate Mapping DTD 5.3//EN"  
          "http://hibernate.sourceforge.net/hibernate-mapping-5.3.dtd">
             
<hibernate-mapping>  
<class name="com.module.Customer" table="CustomerRecords">  
<id name="cust_id">  
<generator class="increment"></generator>  
</id>   
<property name="cust_name"></property> 
<property name="cust_gender"></property> 
<property name="cust_age"></property>  
<property name="cust_address"></property> 
<property name="cust_phone"></property> 
<property name="cust_email"></property> 

</class>  
            
</hibernate-mapping>  