<?xml version='1.0' encoding='UTF-8'?>  
<!DOCTYPE hibernate-mapping PUBLIC  
          "-//Hibernate/Hibernate Mapping DTD 5.3//EN"  
          "http://hibernate.sourceforge.net/hibernate-mapping-5.3.dtd">
             
<hibernate-mapping>  
<class name="com.module.Room" table="RoomDetails">  
<id name="room_number">  
<generator class="increment"></generator>  
</id>   
<property name="room_type"></property> 
<property name="room_fare"></property> 
<property name="room_ac"></property>  
<property name="room_avbl"></property> 

</class>  
            
</hibernate-mapping>  