<?xml version="1.0" encoding="UTF-8"?>
<!DOCTYPE hibernate-mapping PUBLIC
"-//Hibernate/Hibernate Mapping DTD//EN"
"http://www.hibernate.org/dtd/hibernate-mapping-3.0.dtd">



<hibernate-mapping>
<class name = "com.pojo.Patient" table = "PatientDetails">

<meta attribute = "class-description">
This is table for Patient Details information
</meta>
<id name = "reg_no" type = "int">
<generator class="increment"/>
</id>
<property name = "patient_name"/>
<property name = "patient_age"/>

<joined-subclass name="com.pojo.OPDPatient" table="OPDPatientDetails">
<key column="reg_no"></key>
<property name = "patient_symptoms"/>
<property name = "patient_illness"/>
</joined-subclass>

<joined-subclass name="com.pojo.AdmittedPatients" table="AdmittedPatientDetails">
<key column="reg_no"></key>
<property name = "bed_number"/>
<property name = "adm_date"/>
<property name = "doctor_name"/>
<property name = "file_number"/>
</joined-subclass>
</class>
</hibernate-mapping>