<?xml version="1.0" encoding="UTF-8"?>
<!DOCTYPE hibernate-mapping PUBLIC 
"-//Hibernate/Hibernate Mapping DTD//EN"
"http://www.hibernate.org/dtd/hibernate-mapping-3.0.dtd"> 

<hibernate-mapping>
   <class name = "com.pojo.Employee" table = "EmployeeDetails">
      
      <meta attribute = "class-description">
         This class contains the Employee detail. 
      </meta>
      
      <id name = "emp_id" type = "int" column = "emp_id">
         <generator class="native"/>
      </id>
      
      <property name = "emp_name" />
      <property name = "emp_salary"/>
      
   </class>
</hibernate-mapping>