<?xml version="1.0" encoding="UTF-8"?>
<!DOCTYPE hibernate-mapping PUBLIC 
"-//Hibernate/Hibernate Mapping DTD//EN"
"http://www.hibernate.org/dtd/hibernate-mapping-3.0.dtd"> 

<hibernate-mapping>
   <class name = "com.pojo.CustomerDetails" table = "CustomerDetails">
      
      <meta attribute = "class-description">
          This is table for customer information
      </meta>
      
      <id name = "cid" type = "int" column = "CID">
         <generator class="native"/>
      </id>
      
      <property name = "cname" column = "First_Name" type = "string"/>
      <property name = "caddress" column = "Address" type = "string"/>
   </class>
</hibernate-mapping>